City,Latitude,Longitude,Country,Continent,Population (2024),Population (2023),Growth Rate,Growth Rate (%)
Tokyo,35.6764225,139.650027,Japan,Asia,37115035,37194105,-0.002125874517,-0.21
Delhi,28.7040592,77.1024902,India,Asia,33807403,32941309,0.02629203351,2.63
Shanghai,31.230416,121.473701,China,Asia,29867918,29210808,0.02249544073,2.25
Dhaka,23.804093,90.4152376,Bangladesh,Asia,23935652,23209616,0.03128168945,3.13
Sao Paulo,-23.5557714,-46.6395571,Brazil,South America,22806704,22619736,0.008265702128,0.83
Cairo,30.0444196,31.2357116,Egypt,Africa,22623874,22183201,0.01986516734,1.99
Mexico City,19.4326077,-99.133208,Mexico,North America,22505315,22281442,0.01004750949,1.0
Beijing,39.904211,116.407395,China,Asia,22189082,21766214,0.01942772409,1.94
Mumbai,18.9581934,72.8320729,India,Asia,21673149,21296517,0.01768514542,1.77
Osaka,34.6937249,135.5022535,Japan,Asia,18967459,19013434,-0.00241802717,-0.24
Chongqing,29.5656843,106.5511838,China,Asia,17773923,17340704,0.0249827804,2.5
Karachi,24.8607343,67.0011364,Pakistan,Asia,17648555,17236230,0.02392199454,2.39
Kinshasa,-4.3032527,15.310528,DR Congo,Africa,17032322,16315534,0.04393285565,4.39
Lagos,6.6137395,3.3552568,Nigeria,Africa,16536018,15945912,0.03700672624,3.7
Istanbul,41.0082376,28.9783589,Turkey,Asia,16047350,15847768,0.01259369774,1.26
Buenos Aires,-34.6036739,-58.3821215,Argentina,South America,15618288,15490415,0.008254975738,0.83
Kolkata,22.5743545,88.3628734,India,Asia,15570786,15332793,0.01552182958,1.55
Manila,14.5995133,120.984234,Philippines,Asia,14941953,14667089,0.01874018764,1.87
Guangzhou,23.1290799,113.26436,China,Asia,14590096,14284353,0.02140404959,2.14
Tianjin,39.085099,117.199369,China,Asia,14470873,14238643,0.01630984076,1.63
Lahore,31.5203696,74.3587473,Pakistan,Asia,14407074,13979390,0.03059389573,3.06
Bangalore,12.9628669,77.577509,India,Asia,14008262,13607800,0.02942885698,2.94
Rio De Janeiro,-22.9068467,-43.1728965,Brazil,South America,13824347,13727720,0.007038823636,0.7
Shenzhen,22.5428599,114.05956,China,Asia,13311855,13072633,0.01829945046,1.83
Moscow,55.7568721,37.6150527,Russia,Asia,12712305,12680389,0.002516957485,0.25
Chennai,13.0843007,80.2704622,India,Asia,12053697,11776147,0.02356882943,2.36
Bogota,4.7109886,-74.072092,Colombia,South America,11658211,11507960,0.01305626714,1.31
Jakarta,-6.1944491,106.8229198,Indonesia,Asia,11436004,11248839,0.01663860599,1.66
Lima,-12.0466888,-77.0430886,Peru,South America,11361938,11204382,0.01406199824,1.41
Paris,48.8575475,2.3513765,France,Europe,11276701,11208440,0.006090142785,0.61
Bangkok,13.7563309,100.5017651,Thailand,Asia,11233869,11069982,0.01480463112,1.48
Hyderabad,17.406498,78.4772439,India,Asia,11068877,10801163,0.02478566428,2.48
Seoul,37.550263,126.9970831,South Korea,Asia,10004840,9988049,0.001681109093,0.17
Nanjing,32.0583799,118.79647,China,Asia,9947548,9698464,0.02568282978,2.57
Chengdu,30.5722599,104.0665099,China,Asia,9828110,9653772,0.01805905505,1.81
London,51.5072178,-0.1275862,United Kingdom,Asia,9748033,9648110,0.01035674345,1.04
Luanda,-8.8146556,13.2301756,Angola,Africa,9651032,9292336,0.03860127314,3.86
Tehran,35.7218583,51.3346954,Iran,Asia,9616007,9499781,0.01223459783,1.22
Ho Chi Minh City,10.8230989,106.6296638,Vietnam,Asia,9567656,9320866,0.02647715352,2.65
Nagoya,35.1814506,136.9065571,Japan,Asia,9556879,9569328,-0.001300927296,-0.13
Xi An Shaanxi,34.2658138,108.9540936,China,Asia,9013837,8785174,0.02602828356,2.6
Ahmedabad,23.022505,72.5713621,India,Asia,8854444,8650605,0.02356355423,2.36
Wuhan,30.5927599,114.30525,China,Asia,8850850,8718250,0.01520947438,1.52
Kuala Lumpur,3.1319197,101.6840589,Malaysia,Asia,8815630,8621724,0.02249039751,2.25
Hangzhou,30.2741499,120.15515,China,Asia,8419842,8237206,0.02217208116,2.22
Suzhou,31.2983399,120.58319,China,Asia,8350625,8074031,0.0342572378,3.43
Surat,21.1702401,72.8310607,India,Asia,8330528,8064949,0.03293002845,3.29
Dar Es Salaam,-6.8165054,39.2894367,Tanzania,Africa,8161231,7775865,0.04955924518,4.96
New York,40.7127753,-74.0059728,United States,North America,7931147,8133522,-0.02488159496,-2.49
Baghdad,33.315241,44.3660671,Iraq,Asia,7921134,7711305,0.02721056942,2.72
Shenyang,41.804778,123.432968,China,Asia,7830377,7680967,0.01945197786,1.95
Riyadh,24.7135517,46.6752957,Saudi Arabia,Asia,7820551,7682430,0.0179788166,1.8
Hong Kong,22.3193039,114.1693611,Hong Kong,Asia,7725859,7684801,0.005342753833,0.53
Foshan,23.0218499,113.12192,China,Asia,7704935,7597386,0.01415605315,1.42
Dongguan,23.0206699,113.75179,China,Asia,7675146,7587049,0.01161149743,1.16
Pune,18.5246091,73.8786239,India,Asia,7345848,7166374,0.02504390644,2.5
Santiago,-33.4488897,-70.6692655,Chile,South America,6950952,6903392,0.00688936685,0.69
Haerbin,45.7567307,126.6424173,China,Asia,6938008,6803811,0.01972379891,1.97
Madrid,40.4167279,-3.7032905,Spain,Europe,6783241,6751374,0.004720076239,0.47
Khartoum,15.597431,32.535587,Sudan,Africa,6542070,6344348,0.03116506219,3.12
Toronto,43.6548253,-79.388447,Canada,North America,6431430,6371958,0.009333394853,0.93
Johannesburg,-26.205647,28.0337185,South Africa,Africa,6324351,6198016,0.02038313551,2.04
Belo Horizonte,-19.919052,-43.9386685,Brazil,South America,6300409,6247889,0.008406039224,0.84
Dalian,38.9139899,121.6147,China,Asia,6217487,6077995,0.02295033148,2.3
Singapore,1.352083,103.819836,Singapore,Asia,6119203,6080859,0.006305688062,0.63
Qingdao,36.0662299,120.38299,China,Asia,6104597,5986525,0.01972296115,1.97
Zhengzhou,34.7472499,113.62493,China,Asia,6014887,5859272,0.0265587602,2.66
Ji Nan Shandong,36.6518399,117.12009,China,Asia,5940698,5806031,0.02319433017,2.32
Abidjan,5.3252258,-4.019603,Ivory Coast,Africa,5866704,5686350,0.03171700652,3.17
Barcelona,41.3874374,2.1686496,Spain,Europe,5711917,5687356,0.004318526922,0.43
Yangon,16.840939,96.173526,Myanmar,Asia,5709678,5610241,0.01772419402,1.77
Addis Ababa,9.0191936,38.7524635,Ethiopia,Africa,5703628,5460591,0.0445074535,4.45
Alexandria,31.2000924,29.9187387,Egypt,Africa,5696131,5588477,0.0192635668,1.93
Saint Petersburg,59.9310584,30.3609097,Russia,Asia,5581707,5561294,0.003670548617,0.37
Nairobi,-1.2920659,36.8219462,Kenya,Africa,5541172,5325160,0.04056441497,4.06
Chittagong,22.3752075,91.8348606,Bangladesh,Asia,5513609,5379660,0.0248991572,2.49
Guadalajara,20.6751707,-103.3473385,Mexico,North America,5499678,5419880,0.0147232042,1.47
Fukuoka,33.5901838,130.4016888,Japan,Asia,5478076,5490271,-0.002221201831,-0.22
Ankara,39.9333635,32.8597419,Turkey,Asia,5477087,5397098,0.01482074255,1.48
Hanoi,21.0277644,105.8341598,Vietnam,Asia,5431801,5253385,0.03396210253,3.4
Melbourne,-37.8136276,144.9630576,Australia,Oceania,5315600,5235407,0.01531743377,1.53
Monterrey,25.6866142,-100.3161126,Mexico,North America,5195355,5116647,0.01538273014,1.54
Sydney,-33.8727409,151.2057136,Australia,Oceania,5184896,5120894,0.01249820832,1.25
Changsha,28.2277799,112.93886,China,Asia,5027975,4921487,0.02163736285,2.16
Urumqi,43.8266299,87.61688,China,Asia,5005964,4865038,0.02896709132,2.9
Cape Town,-33.922087,18.4231418,South Africa,Africa,4977833,4890280,0.01790347383,1.79
Jiddah,21.5291545,39.1610863,Saudi Arabia,Asia,4943210,4862941,0.01650626648,1.65
Brasilia,-15.7975154,-47.8918874,Brazil,South America,4935274,4873048,0.0127694207,1.28
Kunming,24.8796599,102.83322,China,Asia,4861079,4761284,0.0209596823,2.1
Changchun,43.8160199,125.32357,China,Asia,4802447,4710382,0.01954512394,1.95
Kabul,34.5553494,69.207486,Afghanistan,Asia,4728384,4588666,0.03044850072,3.04
Hefei,31.8205699,117.22901,China,Asia,4727290,4615758,0.02416331185,2.42
Yaounde,3.8616853,11.5202292,Cameroon,Africa,4681768,4509287,0.03825017126,3.83
Ningbo,29.868336,121.54399,China,Asia,4659830,4537901,0.02686903042,2.69
Shantou,23.3534999,116.68221,China,Asia,4656525,4573713,0.01810607705,1.81
New Taipei,25.0169826,121.4627868,Taiwan,Asia,4534877,4504147,0.006822601483,0.68
Tel Aviv,32.0852999,34.7817676,Israel,Asia,4495727,4420855,0.01693609042,1.69
Kano,12.0021794,8.5919561,Nigeria,Africa,4490734,4348481,0.0327132624,3.27
Shijiazhuang,38.0427599,114.5143,China,Asia,4454132,4370473,0.01914186405,1.91
Montreal,45.5018869,-73.5673919,Canada,North America,4341638,4307958,0.00781808922,0.78
Rome,41.8967068,12.4822025,Italy,Europe,4331974,4315671,0.003777628091,0.38
Jaipur,26.9124336,75.7872709,India,Asia,4308510,4207084,0.02410838481,2.41
Recife,-8.0578381,-34.8828969,Brazil,South America,4305127,4263940,0.00965937607,0.97
Nanning,22.8167299,108.3669,China,Asia,4291463,4191890,0.02375372445,2.38
Fortaleza,-3.7327203,-38.5270134,Brazil,South America,4246399,4206240,0.009547481837,0.95
Kozhikode,11.2488425,75.783921,India,Asia,4243962,4088555,0.03801025057,3.8
Porto Alegre,-30.0368176,-51.2089887,Brazil,South America,4239867,4211933,0.006632109295,0.66
Taiyuan Shanxi,37.8705899,112.55067,China,Asia,4226782,4145010,0.0197278173,1.97
Douala,4.0510564,9.7678687,Cameroon,Africa,4203108,4063200,0.03443295924,3.44
Ekurhuleni,-26.1777025,28.3461948,South Africa,Africa,4190832,4118327,0.01760544998,1.76
Malappuram,11.0509762,76.0710967,India,Asia,4184921,4009087,0.04385886363,4.39
Medellin,6.2476376,-75.5658153,Colombia,South America,4137386,4102308,0.008550796283,0.86
Changzhou,31.8107199,119.97365,China,Asia,4085502,3981658,0.02608059256,2.61
Kampala,0.3151692,32.5816313,Uganda,Africa,4050826,3846102,0.05322895753,5.32
Antananarivo,-18.9184607,47.5211293,Madagascar,Africa,4048666,3872264,0.04555526173,4.56
Lucknow,26.8466937,80.946166,India,Asia,4038214,3945409,0.02352227614,2.35
Abuja,9.0562646,7.4985259,Nigeria,Africa,4025735,3839646,0.04846514496,4.85
Nanchang,28.6820199,115.8579399,China,Asia,4016037,3920379,0.02440019192,2.44
Wenzhou,27.9949199,120.69939,China,Asia,4009531,3919724,0.02291156214,2.29
Xiamen,24.4795099,118.0894799,China,Asia,4007468,3935484,0.01829101579,1.83
Ibadan,7.3775355,3.9470396,Nigeria,Africa,4004316,3874908,0.0333964058,3.34
Fuzhou Fujian,26.0742099,119.29647,China,Asia,3998754,3922202,0.01951760771,1.95
Salvador,13.794185,-88.89653,Brazil,South America,3994982,3958384,0.009245692181,0.92
Casablanca,33.5731104,-7.5898434,Morocco,Africa,3950408,3892837,0.01478895726,1.48
Tangshan Hebei,39.6304499,118.18022,China,Asia,3925206,3814702,0.02896792462,2.9
Kumasi,6.6666004,-1.6162709,Ghana,Africa,3903481,3768239,0.03588997407,3.59
Curitiba,-25.4268985,-49.2651984,Brazil,South America,3852459,3813082,0.01032681699,1.03
Bekasi,-6.2733758,106.9830865,Indonesia,Asia,3830678,3729351,0.02717014301,2.72
Faisalabad,31.4272638,73.1165593,Pakistan,Asia,3800193,3710845,0.0240775349,2.41
Los Angeles,34.0549076,-118.242643,United States,North America,3748640,3785439,-0.009721197462,-0.97
Guiyang,26.6475899,106.63019,China,Asia,3661446,3580904,0.0224920858,2.25
Port Harcourt,4.8472226,6.974604,Nigeria,Africa,3636547,3480101,0.04495444241,4.5
Thrissur,10.5241176,76.2120649,India,Asia,3605238,3482456,0.03525730117,3.53
Santo Domingo,18.4626178,-69.9360924,Dominican Republic,North America,3587402,3523890,0.01802326406,1.8
Berlin,52.5200066,13.404954,Germany,Europe,3576873,3573938,0.0008212229759,0.08
Asuncion,-25.2637399,-57.575926,Paraguay,South America,3568830,3510511,0.01661268117,1.66
Dakar,14.716677,-17.4676861,Senegal,Africa,3540462,3429536,0.03234431713,3.23
Kochi,9.9312328,76.2673041,India,Asia,3507053,3406055,0.02965248653,2.97
Wuxi,31.4909899,120.31237,China,Asia,3498740,3437346,0.01786087289,1.79
Busan,35.1731121,129.0714122,South Korea,Asia,3477419,3471949,0.001575483972,0.16
Campinas,-22.9050824,-47.0613327,Brazil,South America,3458441,3422796,0.01041400072,1.04
Mashhad,36.2972006,59.60669,Iran,Asia,3415532,3367852,0.01415739171,1.42
Sanaa,15.3545381,44.2064003,Yemen,Asia,3407814,3292497,0.0350241777,3.5
Puebla,19.0414398,-98.2062727,Mexico,North America,3394342,3344761,0.01482348066,1.48
Indore,22.7195687,75.8577258,India,Asia,3393380,3302077,0.02765017291,2.77
Lanzhou,36.0613799,103.83417,China,Asia,3365910,3297528,0.02073735234,2.07
Ouagadougou,12.3714277,-1.5196603,Burkina Faso,Africa,3358934,3203923,0.04838162465,4.84
Kuwait City,29.3780268,47.9751178,Kuwait,Asia,3353602,3297759,0.01693362068,1.69
Lusaka,-15.4154677,28.2773267,Zambia,Africa,3324219,3181250,0.04494113949,4.49
Kanpur,26.449923,80.3318736,India,Asia,3286142,3234160,0.01607279788,1.61
Durban,-29.8586804,31.0218404,South Africa,Africa,3262128,3228003,0.01057155151,1.06
Guayaquil,-2.1891341,-79.8899031,Ecuador,South America,3193267,3142466,0.01616596647,1.62
Pyongyang,39.0737987,125.8197642,North Korea,Asia,3183135,3157538,0.008106632446,0.81
Milan,45.468503,9.1824027,Italy,Europe,3160631,3154570,0.001921339517,0.19
Guatemala City,14.6349149,-90.5068824,Guatemala,North America,3159631,3095099,0.02084973696,2.08
Athens,37.9838096,23.7275388,Greece,Europe,3154591,3154463,4.06e-05,0.0
Depok,-6.4024844,106.7942405,Indonesia,Asia,3133298,3041229,0.03027361636,3.03
Izmir,38.423734,27.142826,Turkey,Asia,3120340,3088414,0.01033734467,1.03
Nagpur,21.1458004,79.0881546,India,Asia,3106340,3046687,0.01957962863,1.96
Surabaya,-7.2574719,112.7520883,Indonesia,Asia,3088748,3044413,0.01456274165,1.46
Handan,36.6255599,114.53918,China,Asia,3085998,3005409,0.02681465318,2.68
Coimbatore,10.9973691,76.9588876,India,Asia,3083721,3009047,0.02481649506,2.48
Huaian,33.551052,119.113185,China,Asia,3071048,2979893,0.03059002454,3.06
Port Au Prince,18.5363875,-72.346542,Haiti,North America,3060169,2987455,0.02433978085,2.43
Zhongshan,22.5159499,113.3926,China,Asia,3051065,3010685,0.01341223011,1.34
Dubai,25.2048493,55.2707828,United Arab Emirates,Asia,3051016,3007583,0.01444116422,1.44
Bamako,12.6391699,-8.0025475,Mali,Africa,3050570,2929373,0.04137301737,4.14
Mbuji Mayi,-6.1306709,23.5966577,DR Congo,Africa,3022855,2891746,0.0453390443,4.53
Kiev,50.4503596,30.5245025,Ukraine,Europe,3020228,3016789,0.001139953772,0.11
Lisbon,38.7222524,-9.1393366,Portugal,Europe,3014607,3000536,0.004689495477,0.47
Weifang,36.7068599,119.16176,China,Asia,2994537,2917819,0.02629292633,2.63
Caracas,10.4805937,-66.9036063,Venezuela,South America,2991727,2972145,0.006588507627,0.66
Thiruvananthapuram,8.5241391,76.9366376,India,Asia,2984154,2891119,0.03217958168,3.22
Algiers,36.753768,3.0587561,Algeria,Africa,2952115,2901810,0.01733573184,1.73
Shizuoka,34.9755668,138.3826773,Japan,Asia,2935527,2937359,-0.0006236895116,-0.06
Lubumbashi,-11.6876026,27.5026174,DR Congo,Africa,2933962,2811959,0.04338719021,4.34
Cali,3.4516467,-76.5319854,Colombia,South America,2890433,2863730,0.009324552245,0.93
Goiania,-16.6868491,-49.2707899,Brazil,South America,2890418,2848473,0.01472543359,1.47
Pretoria,-25.7565723,28.1913815,South Africa,Africa,2889899,2818100,0.02547780419,2.55
Shaoxing,29.995762,120.586109,China,Asia,2882171,2805654,0.02727242917,2.73
Incheon,37.4751578,126.6312666,South Korea,Asia,2861686,2848557,0.004609000276,0.46
Yantai,37.4635299,121.44801,China,Asia,2834508,2764584,0.02529277461,2.53
Zibo,36.8130999,118.0548,China,Asia,2828435,2780142,0.01737069545,1.74
Huizhou,23.1125099,114.41552,China,Asia,2827610,2758593,0.02501891363,2.5
Manchester,53.4807593,-2.2426305,United Kingdom,Europe,2811756,2791005,0.007434956225,0.74
Taipei,25.0329636,121.5654268,Taiwan,Asia,2766334,2754196,0.004407093758,0.44
Mogadishu,2.0372133,45.3379172,Somalia,Africa,2726815,2610483,0.04456340072,4.46
Brazzaville,-4.2744405,15.2812803,Republic of the Congo,Africa,2724566,2637733,0.0329195563,3.29
Accra,5.5592846,-0.1974306,Ghana,Africa,2721165,2660072,0.02296667158,2.3
Bandung,-6.9174639,107.6191228,Indonesia,Asia,2714215,2674000,0.01503926702,1.5
Damascus,33.5132192,36.2768193,Syria,Asia,2685361,2584771,0.03891640691,3.89
Birmingham,52.4822694,-1.8900078,United Kingdom,Europe,2684807,2665100,0.007394469251,0.74
Vancouver,49.2827291,-123.1207375,Canada,North America,2682509,2657088,0.009567240528,0.96
Toluca De Lerdo,19.2826098,-99.6556653,Mexico,North America,2674336,2626368,0.01826400565,1.83
Luoyang,34.6181299,112.45402,China,Asia,2666744,2602793,0.02457014446,2.46
Sapporo,43.0617713,141.3544506,Japan,Asia,2660947,2666112,-0.001937277954,-0.19
Tashkent,41.2982211,69.2385223,Uzbekistan,Asia,2633661,2603243,0.01168465641,1.17
Patna,25.5940947,85.1375645,India,Asia,2633243,2579762,0.02073098216,2.07
Bhopal,23.2599333,77.412615,India,Asia,2624865,2564502,0.02353790327,2.35
Chicago,41.88325,-87.6323879,United States,North America,2590002,2627520,-0.01427886372,-1.43
Tangerang,-6.1755853,106.6298578,Indonesia,Asia,2570980,2514077,0.02263375386,2.26
Nantong,31.9795799,120.89371,China,Asia,2555722,2492230,0.02547597934,2.55
Brisbane,-27.4704528,153.0260341,Australia,Oceania,2536449,2504505,0.01275461618,1.28
Tunis,36.8064948,10.1815316,Tunisia,Africa,2510673,2475446,0.01423056694,1.42
Peshawar,34.0083374,71.5188619,Pakistan,Asia,2480546,2411785,0.02851041863,2.85
Medan,3.5951956,98.6722227,Indonesia,Asia,2479070,2439054,0.01640636083,1.64
Gujranwala,32.1475636,74.1914124,Pakistan,Asia,2479058,2415416,0.02634825637,2.63
Baku,40.4092617,49.8670924,Azerbaijan,Asia,2464162,2432304,0.01309786935,1.31
Hohhot,40.8414899,111.75199,China,Asia,2443686,2380636,0.02648451926,2.65
San Juan,18.4153108,-66.0593509,Puerto Rico,North America,2436620,2439564,-0.001206773014,-0.12
Belem,-1.4563432,-48.501299,Brazil,South America,2432177,2409409,0.009449620218,0.94
Rawalpindi,33.5848397,73.0657862,Pakistan,Asia,2430388,2377325,0.02232046523,2.23
Agra,27.1766701,78.0080745,India,Asia,2422342,2367554,0.02314118284,2.31
Manaus,-3.1190275,-60.0217314,Brazil,South America,2406854,2375636,0.01314090206,1.31
Kannur,11.8704703,75.367882,India,Asia,2405664,2346137,0.02537234612,2.54
Beirut,33.8937913,35.5017767,Lebanon,Asia,2402485,2421354,-0.007792747364,-0.78
Maracaibo,10.6410135,-71.607381,Venezuela,South America,2400826,2367626,0.01402248497,1.4
Liuzhou,24.3255257,109.4154583,China,Asia,2397410,2343452,0.02302500755,2.3
Visakhapatnam,17.6973801,83.2990254,India,Asia,2385110,2330928,0.02324481923,2.32
Baotou,40.6578099,109.84021,China,Asia,2381242,2334878,0.01985714029,1.99
Vadodara,22.3000395,73.2064994,India,Asia,2373365,2324084,0.02120448314,2.12
Barranquilla,11.0041072,-74.8069813,Colombia,South America,2373302,2349400,0.01017366136,1.02
Phnom Penh,11.5563738,104.9282099,Cambodia,Asia,2352680,2281198,0.03133528962,3.13
Sendai,38.268195,140.869418,Japan,Asia,2341433,2342302,-0.0003710025437,-0.04
Taoyuan,24.9936281,121.3009798,Taiwan,Asia,2338724,2318850,0.008570627682,0.86
Xuzhou,34.2043999,117.28577,China,Asia,2332531,2287166,0.01983459006,1.98
Aleppo,36.2021047,37.1342603,Syria,Asia,2317650,2203025,0.05203073047,5.2
Houston,29.7600771,-95.3701108,United States,North America,2305889,2304383,0.0006535371941,0.07
Tijuana,32.5331957,-117.0192784,Mexico,North America,2297216,2259787,0.01656306546,1.66
Esfahan,32.6538966,51.6659656,Iran,Asia,2294589,2258396,0.01602597596,1.6
Nashik,19.9993217,73.7900188,India,Asia,2294299,2237369,0.02544506516,2.54
Vijayawada,16.5061743,80.6480153,India,Asia,2290785,2229765,0.02736611257,2.74
Amman,31.9543786,35.9105776,Jordan,Asia,2252688,2232240,0.009160305344,0.92
Putian,25.4539999,119.00771,China,Asia,2250104,2176022,0.03404469256,3.4
Multan,30.1863557,71.4885808,Pakistan,Asia,2205407,2154600,0.02358071104,2.36
Grande Vitoria,-20.3331372,-40.3869728,Brazil,South America,2196818,2170513,0.01211925476,1.21
Wuhu Anhui,31.3524599,118.43313,China,Asia,2195262,2124797,0.03316316806,3.32
Mecca,21.4240968,39.8173364,Saudi Arabia,Asia,2184560,2149928,0.01610844642,1.61
Kollam,8.8932118,76.6141396,India,Asia,2181940,2106606,0.03576083995,3.58
Naples,40.8517983,14.26812,Italy,Europe,2180027,2179384,0.0002950374968,0.03
Daegu,35.8501034,128.5206192,South Korea,Asia,2179929,2180997,-0.0004896843049,-0.05
Conakry,9.5090945,-13.7119312,Guinea,Africa,2178596,2110937,0.03205164342,3.21
Yangzhou,32.3935799,119.41269,China,Asia,2175102,2131291,0.02055608549,2.06
Havana,23.133865,-82.3585654,Cuba,Africa,2152518,2148930,0.00166966816,0.17
Taizhou Zhejiang,28.6561099,121.42056,China,Asia,2152226,2102143,0.02382473504,2.38
Baoding,38.8739599,115.46459,China,Asia,2149703,2107539,0.02000627272,2.0
Perth,-31.9513993,115.8616783,Australia,Oceania,2143491,2117997,0.01203684424,1.2
Brussels,50.8477029,4.3572001,Belgium,Europe,2132178,2121992,0.004800206598,0.48
Linyi Shandong,35.1046499,118.3564599,China,Asia,2120049,2076364,0.02103918195,2.1
Bursa,40.1885281,29.0609636,Turkey,Asia,2115513,2086324,0.01399063616,1.4
Rajkot,22.3038945,70.8021599,India,Asia,2096981,2043107,0.02636866302,2.64
Minsk,53.9006011,27.558972,Belarus,Europe,2064733,2057257,0.003633965032,0.36
Hiroshima,34.3852894,132.4553055,Japan,Asia,2062884,2067591,-0.002276562434,-0.23
Haikou,20.0442199,110.19989,China,Asia,2056646,2016092,0.02011515348,2.01
Daqing,46.5875799,125.10307,China,Asia,2044371,2000656,0.02185033309,2.19
Lome,6.1295577,1.2196502,Togo,Africa,2042734,1981615,0.0308430245,3.08
Lianyungang,34.5966899,119.22295,China,Asia,2035631,1986439,0.0247639117,2.48
Yancheng Jiangsu,33.3495099,120.16164,China,Asia,2034326,1993463,0.02049849935,2.05
Panama City,8.9823792,-79.5198696,Panama,North America,2015735,1976866,0.01966192954,1.97
Almaty,43.2379761,76.8828618,Kazakhstan,Asia,2015209,1987301,0.01404316709,1.4
Semarang,-6.9838093,110.4099893,Indonesia,Asia,2013571,1975306,0.01937168216,1.94
Hyderabad,17.406498,78.4772439,Pakistan,Asia,2011964,1967684,0.02250361339,2.25
Valencia,39.4738338,-0.3756348,Venezuela,South America,2007265,1983445,0.01200940787,1.2
Davao City,7.0647456,125.6088427,Philippines,Asia,1991457,1949400,0.02157433056,2.16
Vienna,48.2080696,16.3713095,Austria,Europe,1990487,1975271,0.007703246795,0.77
Rabat,34.0083637,-6.8538748,Morocco,Africa,1989197,1959388,0.01521342378,1.52
Ludhiana,30.900965,75.8572758,India,Asia,1988438,1951085,0.01914473229,1.91
Quito,-0.2232523,-78.5141064,Ecuador,South America,1986667,1956995,0.01516202136,1.52
Benin City,6.334986,5.6037465,Nigeria,Africa,1972558,1904631,0.03566412602,3.57
La Paz,-16.494359,-68.1212091,Bolivia,South America,1965570,1935619,0.01547360302,1.55
Baixada Santista,-23.9255803,-46.3809813,Brazil,South America,1965110,1947785,0.008894718873,0.89
West Yorkshire,53.8108176,-1.76261,United Kingdom,Europe,1942470,1928661,0.007159889685,0.72
Can Tho,10.0451618,105.7468535,Vietnam,Asia,1938915,1865172,0.03953683628,3.95
Zhuhai,22.2708599,113.57666,China,Asia,1930373,1889829,0.02145379291,2.15
Leon De Los Aldamas,21.1250077,-101.6859605,Mexico,North America,1924435,1898749,0.01352785439,1.35
Quanzhou,24.8740499,118.67583,China,Asia,1920733,1869994,0.02713324214,2.71
Matola,-25.9240937,32.4657006,Mozambique,Africa,1915035,1852405,0.03381010092,3.38
Datong,40.0763699,113.30001,China,Asia,1913674,1873693,0.02133807406,2.13
Sharjah,25.3561698,55.427211,United Arab Emirates,Asia,1872199,1830858,0.02258012364,2.26
Madurai,9.9252007,78.1197754,India,Asia,1871912,1834279,0.02051650812,2.05
Raipur,21.2513844,81.6296413,India,Asia,1871107,1816813,0.02988419832,2.99
Adana,36.9914194,35.3308285,Turkey,Asia,1856638,1835895,0.01129857644,1.13
Santa Cruz,36.9741275,-122.028807,Bolivia,South America,1855732,1820114,0.01956910391,1.96
Palembang,-2.9760735,104.7754307,Indonesia,Asia,1852673,1818421,0.01883612211,1.88
Mosul,36.3489278,43.157736,Iraq,Asia,1847691,1792020,0.03106605953,3.11
Cixi,30.1696399,121.26647,China,Asia,1840039,1788871,0.02860351585,2.86
Meerut,28.9844618,77.7064137,India,Asia,1835403,1797805,0.02091328036,2.09
Gaziantep,37.065953,37.37811,Turkey,Asia,1833006,1804704,0.01568235013,1.57
La Laguna,28.4874009,-16.3159061,Mexico,North America,1826135,1780592,0.0255774484,2.56
Batam,1.1296085,104.053004,Indonesia,Asia,1806147,1748142,0.03318094297,3.32
Turin,45.0703155,7.6868552,Italy,Europe,1805727,1801944,0.002099399315,0.21
Warsaw,52.2296756,21.0122287,Poland,Europe,1799451,1797516,0.00107648555,0.11
Jiangmen,22.5786499,113.08161,China,Asia,1797469,1768511,0.01637422668,1.64
Varanasi,25.3176452,82.9739144,India,Asia,1789047,1754425,0.01973410092,1.97
Hamburg,53.5488282,9.9871703,Germany,Europe,1787280,1787520,-0.000134264232,-0.01
Montevideo,-34.9055016,-56.1851147,Uruguay,South America,1781363,1774396,0.003926406507,0.39
Budapest,47.497912,19.040235,Hungary,Europe,1780391,1778052,0.001315484587,0.13
Lyon,45.764043,4.835659,France,Europe,1774395,1761188,0.007498915505,0.75
Xiangyang,32.0089999,112.12255,China,Asia,1772318,1742706,0.01699196537,1.7
Bucharest,44.4267674,26.1025384,Romania,Europe,1767520,1776385,-0.004990472223,-0.5
Yichang,30.6917797,111.2863313,China,Asia,1758100,1711244,0.02738125013,2.74
Yinchuan,38.4862899,106.23245,China,Asia,1757699,1716591,0.02394746332,2.39
Shiraz,29.5926119,52.5835646,Iran,Asia,1742750,1720954,0.01266506833,1.27
Kananga,-5.897522,22.4172256,DR Congo,Africa,1738716,1664442,0.04462396407,4.46
Srinagar,34.0836708,74.7972825,India,Asia,1737502,1698277,0.02309693884,2.31
Monrovia,6.3156068,-10.8073698,Liberia,Africa,1735365,1678020,0.03417420531,3.42
Tiruppur,11.1085242,77.3410656,India,Asia,1731862,1677173,0.03260784666,3.26
Jamshedpur,22.8045665,86.2028754,India,Asia,1730521,1695060,0.02092020341,2.09
Suqian,33.9619299,118.27549,China,Asia,1726327,1664968,0.03685296054,3.69
Aurangabad,19.875754,75.3393195,India,Asia,1725283,1683389,0.02488670177,2.49
Qinhuangdao,39.9354499,119.59964,China,Asia,1723728,1680962,0.02544138416,2.54
Stockholm,59.3327036,18.0656255,Sweden,Europe,1719604,1700066,0.011492495,1.15
Anshan,41.1077699,122.9946,China,Asia,1713452,1689499,0.01417757572,1.42
Glasgow,55.8616704,-4.2583345,United Kingdom,Europe,1708147,1698088,0.005923721268,0.59
Xining,36.6172899,101.77782,China,Asia,1705078,1666605,0.02308465413,2.31
Makassar,-5.1615828,119.4359281,Indonesia,Asia,1704930,1673094,0.01902821957,1.9
Hengyang,26.8931586,112.5719704,China,Asia,1702012,1661854,0.02416457763,2.42
Novosibirsk,54.9832693,82.8963831,Russia,Asia,1701510,1694765,0.003979902818,0.4
Ulaanbaatar,47.9220509,106.9155007,Mongolia,Asia,1699363,1672627,0.01598443646,1.6
Onitsha,6.1329419,6.7923994,Nigeria,Africa,1694913,1623382,0.04406295006,4.41
Jilin,43.8378399,126.54944,China,Asia,1693701,1668785,0.01493062318,1.49
Anyang,37.3835395,126.934176,China,Asia,1693375,1642347,0.0310701697,3.11
Auckland,-36.8508827,174.7644881,New Zealand,Oceania,1692770,1673220,0.01168405828,1.17
Tabriz,38.0791831,46.2886732,Iran,Asia,1678028,1660737,0.01041164254,1.04
Phoenix,33.4482948,-112.0725488,United States,North America,1676481,1660445,0.009657652015,0.97
Muscat,23.5880307,58.3828717,Oman,Asia,1676167,1650319,0.01566242648,1.57
Calgary,51.0447331,-114.0718831,Canada,North America,1665023,1639613,0.01549755949,1.55
Qiqihaer,47.3543099,123.91796,China,Asia,1662407,1635458,0.01647795296,1.65
N Djamena,12.1191352,15.0502875,Chad,Africa,1655618,1592324,0.03974944798,3.97
Marseille,43.3025742,5.3690743,France,Europe,1635707,1627549,0.005012445094,0.5
Cordoba,37.8893025,-4.7792753,Argentina,South America,1625937,1611651,0.008864201989,0.89
Jodhpur,26.2389469,73.0243094,India,Asia,1625325,1586547,0.02444175937,2.44
Kathmandu,27.7103145,85.3221634,Nepal,Asia,1621642,1571010,0.03222894826,3.22
Rosario,-32.9587022,-60.6930416,Argentina,South America,1613041,1594096,0.01188447873,1.19
Tegucigalpa,14.0607145,-87.1824529,Honduras,North America,1609261,1568025,0.02629805009,2.63
Ciudad Juarez,31.6903638,-106.4245478,Mexico,North America,1604085,1582313,0.01375960382,1.38
Harare,-17.8262928,31.0503723,Zimbabwe,Africa,1603201,1578128,0.01588781138,1.59
Karaj,35.8438581,50.9714995,Iran,Asia,1603011,1593608,0.005900447287,0.59
Medina,24.4672132,39.6024496,Saudi Arabia,Asia,1598976,1572571,0.01679097478,1.68
Jining Shandong,35.4145899,116.58724,China,Asia,1595963,1569560,0.01682191187,1.68
Abu Dhabi,24.453884,54.3773438,United Arab Emirates,Asia,1593284,1566999,0.01677410132,1.68
Munich,48.1351253,11.5819806,Germany,Europe,1584507,1576416,0.00513252847,0.51
Ranchi,23.3440997,85.309562,India,Asia,1584237,1547258,0.02389969869,2.39
Daejon,36.3577577,127.3867458,South Korea,Asia,1581705,1577436,0.002706290461,0.27
Zhangjiakou,40.7686911,114.8855792,China,Asia,1568122,1536171,0.02079911676,2.08
Edmonton,53.5461663,-113.4937355,Canada,North America,1567615,1544448,0.01500018129,1.5
Mandalay,21.9588282,96.0891032,Myanmar,Asia,1563021,1531860,0.02034193725,2.03
Gaoxiong,22.6272784,120.3014353,Taiwan,Asia,1559085,1552899,0.00398351728,0.4
Kota,25.2138156,75.8647527,India,Asia,1558468,1516795,0.02747437854,2.75
Natal,-28.5305539,30.8958242,Brazil,South America,1556413,1535316,0.01374114515,1.37
Nouakchott,18.0735299,-15.9582372,Mauritania,Africa,1552146,1491958,0.0403416182,4.03
Jabalpur,23.1685786,79.9338798,India,Asia,1551004,1522121,0.01897549538,1.9
Huainan,32.6254899,116.9998,China,Asia,1538603,1512668,0.01714520305,1.71
Grande Sao Luis,-2.5943931,-44.2857937,Brazil,South America,1536017,1523629,0.008130588221,0.81
Asansol,23.6888636,86.9660638,India,Asia,1534081,1505033,0.01930057348,1.93
Philadelphia,39.9525839,-75.1652215,United States,North America,1533916,1550587,-0.01075141221,-1.08
Yekaterinburg,56.8430993,60.6454086,Russia,Asia,1532970,1527728,0.003431239069,0.34
Gwangju,35.1500822,126.8559071,South Korea,Asia,1532902,1529472,0.002242603984,0.22
Yiwu,29.3055799,120.0746799,China,Asia,1525749,1483320,0.02860407734,2.86
Chaozhou,23.6566999,116.62296,China,Asia,1520628,1496298,0.01626013,1.63
Gwalior,26.2124007,78.1772053,India,Asia,1508846,1475016,0.02293534443,2.29
Ganzhou,25.8310899,114.93476,China,Asia,1508037,1459678,0.03312990947,3.31
San Antonio,29.4251905,-98.4945922,United States,North America,1506593,1489751,0.01130524497,1.13
Homs,34.7325256,36.713452,Syria,Asia,1499603,1443429,0.03891705099,3.89
Niamey,13.5115963,2.1253854,Niger,Africa,1496258,1437233,0.04106849759,4.11
Mombasa,-4.0434771,39.6682065,Kenya,Africa,1495223,1440396,0.038063838,3.81
Allahabad,25.468338,81.8546019,India,Asia,1493346,1465152,0.01924305465,1.92
Basra,30.5259953,47.7737891,Iraq,Asia,1485156,1448124,0.02557239573,2.56
Kisangani,0.5185303,25.2007728,DR Congo,Africa,1483513,1423395,0.04223564084,4.22
San Jose,37.33874,-121.8852525,Costa Rica,North America,1482460,1461989,0.01400215733,1.4
Amritsar,31.6339793,74.8722642,India,Asia,1480470,1451748,0.0197844254,1.98
Taizhou Jiangsu,32.4554599,119.92554,China,Asia,1477600,1446810,0.02128130162,2.13
Chon Buri,13.2017461,101.2523792,Thailand,Asia,1472709,1454222,0.01271263947,1.27
Jiaxing,30.753924,120.758543,China,Asia,1470917,1424982,0.0322354949,3.22
Weihai,37.5134799,122.12171,China,Asia,1465926,1429315,0.02561436772,2.56
Hai Phong,20.8449115,106.6880841,Vietnam,Asia,1463650,1422974,0.02858520254,2.86
Ottawa,45.4200572,-75.7003397,Canada,North America,1451571,1437188,0.01000773733,1.0
Zurich,47.3768866,8.541694,Switzerland,Europe,1443349,1431538,0.008250566873,0.83
Taian Shandong,36.1999399,117.0884,China,Asia,1441911,1416064,0.01825270609,1.83
Queretaro,20.5887932,-100.3898881,Mexico,North America,1436818,1413474,0.01651533739,1.65
Joao Pessoa,-7.1188352,-34.8814339,Brazil,South America,1435125,1421827,0.009352755293,0.94
Kaifeng,34.7972599,114.30731,China,Asia,1434463,1398262,0.02588999773,2.59
Cochabamba,-17.3820091,-66.1595813,Bolivia,South America,1430688,1400250,0.02173754687,2.17
Konya,37.8746429,32.4931554,Turkey,Asia,1429935,1407632,0.01584434,1.58
Liuyang,28.1637799,113.64317,China,Asia,1428802,1373523,0.04024614076,4.02
Liuan,31.7348799,116.5232399,China,Asia,1427894,1378077,0.03614964911,3.61
Rizhao,35.4164599,119.52719,China,Asia,1426583,1391258,0.02539068958,2.54
Kharkiv,50.0020127,36.3073994,Ukraine,Europe,1418978,1421052,-0.00145948213,-0.15
Dhanbad,23.7956531,86.4303859,India,Asia,1414532,1389776,0.01781294252,1.78
Nanchong,30.8379015,106.1105999,China,Asia,1412714,1377572,0.02551010038,2.55
Dongying,37.4336499,118.67466,China,Asia,1410791,1379377,0.02277404944,2.28
Belgrade,44.8125449,20.46123,Serbia,Europe,1410697,1408144,0.001813024804,0.18
Zunyi,27.7254499,106.92723,China,Asia,1406091,1376453,0.02153215547,2.15
Zhanjiang,21.2713399,110.35894,China,Asia,1399310,1371998,0.01990673456,1.99
Bucaramanga,7.119349,-73.1227416,Colombia,South America,1396632,1381498,0.01095477518,1.1
Uyo,5.0377396,7.9127945,Nigeria,Africa,1393453,1329284,0.04827335618,4.83
Copenhagen,55.6760968,12.5683371,Denmark,Europe,1391205,1381005,0.007385925467,0.74
Shiyan,32.6291799,110.79801,China,Asia,1387377,1354025,0.02463174609,2.46
Taizhong,24.1477358,120.6736482,Taiwan,Asia,1381855,1369066,0.009341405016,0.93
Bareilly,28.3670355,79.4304381,India,Asia,1380715,1348664,0.02376500003,2.38
Pointe Noire,-4.7691623,11.866362,Republic of the Congo,Africa,1379368,1336387,0.03216209077,3.22
Adelaide,-34.9284989,138.6007456,Australia,Oceania,1379280,1366783,0.00914336804,0.91
Suweon,37.2667603,127.0014613,South Korea,Asia,1378229,1365352,0.009431267541,0.94
Mwanza,-2.5164305,32.9174517,Tanzania,Africa,1378014,1310754,0.05131397654,5.13
Mianyang Sichuan,31.4675099,104.6795999,China,Asia,1376449,1351383,0.0185484056,1.85
Samut Prakan,13.6335741,100.7548851,Thailand,Asia,1376146,1358871,0.01271275934,1.27
Maceio,-9.6498597,-35.7089506,Brazil,South America,1375984,1363510,0.009148447756,0.91
San Diego,32.715738,-117.1610838,United States,North America,1375452,1378307,-0.002071381775,-0.21
Qom,34.6415764,50.8746035,Iran,Asia,1373800,1354174,0.01449296767,1.45
Antalya,36.8968908,30.7133233,Turkey,Asia,1372400,1347240,0.01867521748,1.87
Joinville,-26.3043758,-48.8463744,Brazil,South America,1361992,1348521,0.00998946253,1.0
Tengzhou,35.084021,117.164388,China,Asia,1360779,1322916,0.02862086482,2.86
Yingkou,40.6659899,122.23458,China,Asia,1355564,1323174,0.02447901788,2.45
Ad Dammam,26.4206828,50.0887943,Saudi Arabia,Asia,1352912,1329291,0.01776962305,1.78
Suzhou,31.2983399,120.58319,China,Asia,1349994,1310433,0.03018925805,3.02
Tanger,35.7594651,-5.8339543,Morocco,Africa,1348848,1314178,0.02638150996,2.64
Freetown,8.4870803,-13.2354918,Sierra Leone,Africa,1347559,1309168,0.02932473143,2.93
Helsinki,60.1698557,24.938379,Finland,Europe,1346810,1337786,0.006745473491,0.67
Aligarh,27.8973944,78.0880129,India,Asia,1346018,1312369,0.02563989244,2.56
Moradabad,28.8386481,78.7733286,India,Asia,1335966,1301740,0.02629250081,2.63
Pekan Baru,0.5070677,101.4477793,Indonesia,Asia,1334532,1303355,0.02392057421,2.39
Maoming,21.6632899,110.92523,China,Asia,1333930,1303900,0.02303090728,2.3
Lilongwe,-13.9865252,33.76806,Malawi,Africa,1333096,1276316,0.04448741534,4.45
Porto,41.1579438,-8.6291053,Portugal,Europe,1329301,1324652,0.003509601012,0.35
Prague,50.0755381,14.4378005,Czech Republic,Europe,1327947,1323339,0.003482100958,0.35
Astana,51.1655126,71.4272222,Kazakhstan,Asia,1324111,1291280,0.02542515953,2.54
Jieyang,23.5497199,116.37271,China,Asia,1320779,1282479,0.02986403676,2.99
Fushun Liaoning,41.8797099,123.95722,China,Asia,1317276,1304565,0.009743477711,0.97
Mysore,12.2958104,76.6393805,India,Asia,1316461,1288245,0.02190266603,2.19
Abomey Calavi,6.4503024,2.3468195,Benin,Africa,1314916,1252890,0.04950634134,4.95
Ruian,27.7783799,120.65518,China,Asia,1314784,1281790,0.02574056593,2.57
Fes,34.0181246,-5.0078451,Morocco,Africa,1313311,1290039,0.01803976469,1.8
Port Elizabeth,-33.913693,25.5826876,South Africa,Africa,1312631,1295928,0.01288883333,1.29
Florianopolis,-27.5968578,-48.5468118,Brazil,South America,1309895,1294486,0.01190356636,1.19
Ahvaz,31.3183272,48.6706187,Iran,Asia,1309372,1293619,0.01217746493,1.22
Bukavu,-2.5123017,28.8480284,DR Congo,Africa,1308469,1248783,0.04779533354,4.78
Nnewi,6.0105192,6.9103455,Nigeria,Africa,1300993,1239186,0.04987709674,4.99
Kazan,55.7878944,49.1233293,Russia,Asia,1296232,1291884,0.003365627254,0.34
Jinhua,29.0781199,119.64759,China,Asia,1296065,1257941,0.0303066678,3.03
Dallas,32.7766642,-96.7969879,United States,North America,1295447,1297495,-0.001578426121,-0.16
San Luis Potosi,22.1520892,-100.9733024,Mexico,North America,1292133,1273325,0.0147707773,1.48
Baoji,34.3631699,107.23775,China,Asia,1290231,1261077,0.02311833457,2.31
Durg Bhilainagar,21.1904494,81.2849169,India,Asia,1289673,1266034,0.01867169444,1.87
Bhubaneswar,20.2959847,85.8246101,India,Asia,1289254,1257642,0.02513592898,2.51
Kigali,-1.9440727,30.0618851,Rwanda,Africa,1287952,1247551,0.03238424722,3.24
Sofia,42.6977082,23.3218675,Bulgaria,Europe,1287540,1288114,-0.000445612733,-0.04
Pingdingshan Henan,33.7660899,113.19241,China,Asia,1285750,1256581,0.02321298826,2.32
Dublin,53.3498053,-6.2603097,Ireland,Europe,1284551,1270172,0.01132051407,1.13
Puning,23.2973399,116.1657299,China,Asia,1282756,1254160,0.02280091854,2.28
Chifeng,42.2585999,118.88894,China,Asia,1279544,1252414,0.02166216602,2.17
Zhuzhou,27.8276699,113.13396,China,Asia,1277238,1254519,0.01810972971,1.81
Bujumbura,-3.361378,29.3598782,Burundi,Africa,1277050,1206767,0.05824073744,5.82
Zhenjiang Jiangsu,32.1895899,119.425,China,Asia,1275395,1250668,0.01977103436,1.98
Liupanshui,26.5933599,104.83023,China,Asia,1272872,1230644,0.03431374142,3.43
Barquisimeto,10.0677719,-69.3473509,Venezuela,South America,1267872,1254192,0.01090742087,1.09
Islamabad,33.699619,73.036187,Pakistan,Asia,1266792,1232447,0.02786732411,2.79
Huaibei,33.9547899,116.7983399,China,Asia,1264856,1236271,0.02312195303,2.31
Tasikmalaya,-7.3505808,108.2171633,Indonesia,Asia,1258124,1213778,0.03653551144,3.65
Maracay,10.2441931,-67.6066164,Venezuela,South America,1256553,1242945,0.01094819159,1.09
Bogor,-6.5971469,106.8060388,Indonesia,Asia,1256155,1231445,0.02006585759,2.01
Da Nang,16.0599691,108.211111,Vietnam,Asia,1253228,1220634,0.02670251689,2.67
Nizhniy Novgorod,56.3268684,44.0058793,Russia,Asia,1250302,1251332,-0.0008231228803,-0.08
Nanyang Henan,32.9907299,112.52851,China,Asia,1250300,1224629,0.02096226694,2.1
Xiangtan Hunan,27.8297499,112.94411,China,Asia,1249380,1223912,0.02080868559,2.08
Pizhou,34.3351999,118.01246,China,Asia,1247177,1207275,0.0330512932,3.31
Tiruchirappalli,10.7904833,78.7046725,India,Asia,1244978,1221960,0.01883695047,1.88
Chelyabinsk,55.1644419,61.4368431,Russia,Asia,1243883,1240926,0.002382897933,0.24
Mendoza,-32.8894587,-68.8458386,Argentina,South America,1242319,1226427,0.01295796652,1.3
Luohe,33.5814899,114.01681,China,Asia,1241152,1197935,0.03607624788,3.61
Xiongan,32.75664,111.9297,China,Asia,1240158,1183042,0.04827892839,4.83
Chandigarh,30.7333148,76.7794179,India,Asia,1239699,1214775,0.02051737976,2.05
Merida,20.9673702,-89.5925857,Mexico,North America,1239654,1220603,0.01560785939,1.56
Jinzhou,41.0951499,121.12703,China,Asia,1238377,1215376,0.01892500757,1.89
Benxi,41.2941299,123.7668599,China,Asia,1237550,1216852,0.01700946376,1.7
Binzhou,37.3821099,117.97279,China,Asia,1233584,1200222,0.02779652431,2.78
Aba,5.1215877,7.3732655,Nigeria,Africa,1230407,1188803,0.03499654695,3.5
Chiang Mai,18.7883439,98.9853008,Thailand,Asia,1228773,1213348,0.01271275842,1.27
Bazhong,31.8671499,106.74733,China,Asia,1225591,1175989,0.04217896596,4.22
Quetta,30.1834329,66.9987077,Pakistan,Asia,1221495,1190348,0.02616629759,2.62
Kaduna,10.503644,7.4337395,Nigeria,Africa,1221451,1187398,0.02867867387,2.87
Guilin,25.2736099,110.29002,China,Asia,1218067,1196841,0.01773502078,1.77
Saharanpur,29.9680035,77.5552066,India,Asia,1207856,1171689,0.03086740594,3.09
Hubli Dharwad,15.3647083,75.1239547,India,Asia,1205428,1181194,0.02051652819,2.05
Yueqing,28.1128899,120.9833799,China,Asia,1201400,1169864,0.02695697961,2.7
Guwahati,26.1157917,91.7085933,India,Asia,1199455,1176330,0.0196585992,1.97
Mexicali,32.6249284,-115.4435754,Mexico,North America,1196982,1178477,0.01570247022,1.57
Salem,42.5197473,-70.8954626,India,Asia,1194757,1169953,0.02120085166,2.12
Maputo,-25.969248,32.5731746,Mozambique,Africa,1193253,1162793,0.02619554813,2.62
Tripoli,32.8877109,13.187186,Libya,Africa,1192436,1183292,0.007727593865,0.77
Haifa,32.7940463,34.989571,Israel,Asia,1186475,1174429,0.01025689931,1.03
Bandar Lampung,-5.238413,104.3237,Indonesia,Asia,1186233,1162242,0.02064200055,2.06
Bobo Dioulasso,11.1649219,-4.3051542,Burkina Faso,Africa,1185053,1128646,0.04997758376,5.0
Amsterdam,52.3675734,4.9041389,Netherlands,Europe,1181817,1174025,0.006636996657,0.66
Shimkent,42.320534,69.5876302,Kazakhstan,Asia,1181020,1155073,0.02246351529,2.25
Omsk,54.9913545,73.3645204,Russia,Asia,1180677,1180745,-5.76e-05,-0.01
Aguascalientes,21.8852562,-102.2915677,Mexico,North America,1179301,1161448,0.01537132958,1.54
Hargeysa,9.5612168,44.0669251,Somalia,Africa,1176617,1127198,0.04384234181,4.38
Krasnoyarsk,56.0152834,92.8932476,Russia,Asia,1173095,1166792,0.0054019911,0.54
Xinxiang,35.3032299,113.92675,China,Asia,1160840,1140599,0.01774593876,1.77
Siliguri,26.7271012,88.3952861,India,Asia,1159371,1126249,0.02940912711,2.94
Wenling,28.3717999,121.38599,China,Asia,1159259,1131361,0.02465879591,2.47
Samara,53.203772,50.1606382,Russia,Asia,1154451,1155732,-0.00110838845,-0.11
Zaozhuang,34.8107099,117.32196,China,Asia,1150859,1133629,0.01519897603,1.52
Cologne,50.937531,6.9602786,Germany,Europe,1149014,1143715,0.004633147244,0.46
Yongin,37.2361653,127.1891246,South Korea,Asia,1147967,1135671,0.01082707932,1.08
Ufa,54.734791,55.9578555,Russia,Asia,1146786,1144799,0.00173567587,0.17
Fuyang,32.8896299,115.81495,China,Asia,1146343,1120694,0.02288671127,2.29
Ikorodu,6.6194131,3.5104537,Nigeria,Africa,1145224,1093308,0.04748524661,4.75
Bien Hoa,10.9574128,106.8426871,Vietnam,Asia,1142997,1110824,0.02896318409,2.9
Jalandhar,31.3260152,75.5761829,India,Asia,1142682,1118826,0.02132235039,2.13
Panjin,41.1199599,122.07078,China,Asia,1142542,1120675,0.01951234747,1.95
Ma'anshan,31.6706695,118.50611,China,Asia,1140264,1112680,0.02479059568,2.48
Cuernavaca,18.9242095,-99.2215659,Mexico,North America,1140169,1123843,0.01452694015,1.45
Rostov on Don,47.2357137,39.701505,Russia,Asia,1139641,1138854,0.0006910455598,0.07
Chihuahua,28.632996,-106.069099,Mexico,North America,1135342,1116295,0.017062694,1.71
Fuzhou Jiangxi,27.9478099,116.35809,China,Asia,1131718,1100271,0.02858114046,2.86
Tshikapa,-6.4192148,20.7926941,DR Congo,Africa,1131226,1077108,0.05024380099,5.02
Shangrao,28.4546299,117.9435699,China,Asia,1130887,1106736,0.02182182562,2.18
Samarinda,-0.5016166,117.1264753,Indonesia,Asia,1128176,1100324,0.02531254431,2.53
Bishkek,42.8746212,74.5697617,Kyrgyzstan,Asia,1127721,1104742,0.02080033166,2.08
Zhaoqing,23.0468999,112.46528,China,Asia,1127601,1103202,0.02211652988,2.21
San Salvador,13.6980638,-89.1915341,El Salvador,North America,1123376,1116052,0.006562418239,0.66
Yichun Jiangxi,27.8144299,114.41612,China,Asia,1122041,1078630,0.0402464237,4.02
Chenzhou,25.7706299,113.01485,China,Asia,1119791,1084969,0.03209492621,3.21
Sekondi Takoradi,4.9015794,-1.7830973,Ghana,Africa,1119534,1077929,0.03859716178,3.86
Leshan,29.5522099,103.76539,China,Asia,1116497,1087409,0.02674982458,2.67
Aden,12.7906378,45.0175921,Yemen,Asia,1116193,1079670,0.0338279289,3.38
Goyang,37.6591194,126.7873228,South Korea,Asia,1114079,1105283,0.007958142847,0.8
Diyarbakir,37.9249733,40.2109826,Turkey,Asia,1113333,1096937,0.01494707536,1.49
Asmara,15.3317304,38.9300394,Eritrea,Africa,1111748,1072666,0.03643445397,3.64
Dezhou,37.4354999,116.35927,China,Asia,1108356,1080680,0.02560980124,2.56
Jingzhou Hubei,30.3347899,112.24069,China,Asia,1108067,1089886,0.01668156119,1.67
Managua,12.1149926,-86.2361744,Nicaragua,North America,1107118,1094510,0.01151931001,1.15
Johor Bahru,1.4798575,103.7642576,Malaysia,Asia,1107001,1086214,0.01913711294,1.91
Kermanshah,34.3276924,47.0777685,Iran,Asia,1101611,1084623,0.01566258506,1.57
Nyala,12.0518011,24.8804853,Sudan,Africa,1101314,1056952,0.04197163164,4.2
Oslo,59.9121746,10.7312704,Norway,Europe,1100868,1085992,0.01369807512,1.37
Kirkuk,35.4666329,44.3798895,Iraq,Asia,1100390,1074884,0.02372907216,2.37
Yerevan,40.1872023,44.515209,Armenia,Asia,1097542,1094813,0.002492663131,0.25
Cartagena,10.3932277,-75.4832311,Colombia,South America,1096463,1087599,0.008150062661,0.82
Changshu,31.6538099,120.75224,China,Asia,1093687,1059902,0.0318755885,3.19
Huzhou,30.8930499,120.08805,China,Asia,1091811,1067651,0.02262911757,2.26
Xuchang,34.0356999,113.85233,China,Asia,1091744,1063876,0.0261947821,2.62
Solapur,17.6700736,75.9010467,India,Asia,1088131,1070322,0.01663891801,1.66
Lille,50.624378,3.0678588,France,Europe,1085199,1079120,0.005633293795,0.56
Mersin,36.8121041,34.6414811,Turkey,Asia,1084817,1069402,0.01441459807,1.44
Tbilisi,41.6938026,44.8015168,Georgia,Asia,1084471,1082245,0.002056835559,0.21
Perm,58.0091683,56.2269674,Russia,Asia,1084120,1081768,0.002174218502,0.22
Voronezh,51.6683487,39.1919288,Russia,Asia,1083724,1080808,0.00269798151,0.27
Denpasar,-8.6559348,115.2168231,Indonesia,Asia,1075244,1053041,0.02108464913,2.11
Toulouse,43.6048462,1.442848,France,Europe,1070746,1060460,0.00969956434,0.97
Blantyre Limbe,-15.80837,35.057442,Malawi,Africa,1070625,1030974,0.03845974777,3.85
Aracaju,-10.9265404,-37.0731147,Brazil,South America,1070122,1056986,0.01242778996,1.24
Marrakech,31.6225224,-7.9898258,Morocco,Africa,1067172,1049690,0.01665444083,1.67
Qujing,25.4900199,103.79625,China,Asia,1066897,1038964,0.02688543588,2.69
Yueyang,29.3572799,113.12919,China,Asia,1064166,1048889,0.0145649349,1.46
Ilorin,8.5373356,4.5443923,Nigeria,Africa,1063713,1030498,0.03223198881,3.22
Tampico,22.2163428,-97.8580198,Mexico,North America,1062567,1047251,0.01462495619,1.46
Antwerp,51.2199302,4.4149903,Belgium,Europe,1061089,1057215,0.003664344528,0.37
Teresina,-5.0810984,-42.774291,Brazil,South America,1059657,1050459,0.008756172302,0.88
Guiping,23.3940999,110.07901,China,Asia,1055921,1020399,0.03481187261,3.48
Warangal,17.9692624,79.5926304,India,Asia,1055604,1031090,0.02377484022,2.38
Changwon,35.2470067,128.6542496,South Korea,Asia,1055373,1054442,0.0008829314462,0.09
Padang,-0.948041,100.3630901,Indonesia,Asia,1052849,1033645,0.01857891249,1.86
Saltillo,25.4383234,-100.973678,Mexico,North America,1050320,1034126,0.01565960047,1.57
Xintai,35.6792099,117.5930699,China,Asia,1049486,1023756,0.02513294183,2.51
Cancun,21.161908,-86.8515279,Mexico,North America,1045005,1022604,0.02190584038,2.19
Cebu City,10.2926115,123.9021934,Philippines,Asia,1042613,1024945,0.01723799814,1.72
San Miguel De Tucuman,-26.8082848,-65.2175903,Argentina,South America,1039226,1026767,0.01213420377,1.21
Hamah,35.140802,36.7553365,Syria,Asia,1034498,995747,0.03891651193,3.89
Acapulco De Juarez,16.8639515,-99.8822807,Mexico,North America,1032772,1018976,0.01353908237,1.35
Warri,5.5493807,5.7665824,Nigeria,Africa,1031425,986921,0.04509378157,4.51
Kayseri,38.720489,35.482597,Turkey,Asia,1025507,1013240,0.0121067072,1.21
Chengde,40.9514999,117.9634,China,Asia,1024521,993097,0.03164242768,3.16
Owerri,5.5096455,7.0390904,Nigeria,Africa,1022922,983352,0.04023991409,4.02
Rotterdam,51.9244201,4.4777325,Netherlands,Europe,1021919,1018012,0.003837872245,0.38
Pingxiang Jiangxi,27.6228899,113.85427,China,Asia,1021575,999721,0.02186009897,2.19
Zhucheng,35.9958299,119.4098299,China,Asia,1019600,991208,0.02864383661,2.86
Songkhla,7.1897659,100.5953813,Thailand,Asia,1017784,1005007,0.01271334429,1.27
Valparaiso,-33.0473128,-71.6127458,Chile,South America,1016585,1008599,0.007917913859,0.79
Dehradun,30.3164945,78.0321918,India,Asia,1016402,991876,0.02472688118,2.47
Nonthaburi,13.8591084,100.5216508,Thailand,Asia,1013672,1000947,0.01271296083,1.27
Leiyang,26.4224299,112.85988,China,Asia,1013191,978327,0.03563634654,3.56
Dushanbe,38.5597722,68.7870384,Tajikistan,Asia,1012794,986899,0.02623875392,2.62
Nampula,-15.1266347,39.2687161,Mozambique,Africa,1012582,969322,0.04462913253,4.46
Misratah,32.3255884,15.0992556,Libya,Africa,1011119,984193,0.0273584551,2.74
Krasnodar,45.036035,38.9745706,Russia,Asia,1010552,1001155,0.009386158986,0.94
Laiwu,36.2031699,117.65992,China,Asia,1009727,986248,0.02380638541,2.38
Bordeaux,44.8416106,-0.5810938,France,Europe,1009594,1000475,0.009114670531,0.91
Jixi Heilongjiang,45.2952399,130.96954,China,Asia,1008989,993175,0.01592267224,1.59
San Pedro Sula,15.5058165,-88.0258021,Honduras,North America,1008220,982021,0.02667865555,2.67
Odesa,46.4845702,30.7326047,Ukraine,Europe,1007596,1007716,-0.0001190811697,-0.01
Jiujiang,29.6605799,115.9541,China,Asia,1004247,982777,0.0218462581,2.18
Lubango,-14.9186136,13.5321234,Angola,Africa,1003016,958548,0.04639099972,4.64
Morelia,19.705632,-101.1950164,Mexico,North America,1002461,988744,0.01387315625,1.39
Jos,9.8965273,8.8583309,Nigeria,Africa,1001155,970129,0.03198131383,3.2
Sylhet,24.9047808,91.8600079,Bangladesh,Asia,999374,964291,0.03638217094,3.64
Agadir,30.4280405,-9.5925444,Morocco,Africa,998146,979248,0.0192984821,1.93
Volgograd,48.708048,44.5133034,Russia,Asia,993352,995078,-0.001734537393,-0.17
Mudanjiang,44.5526899,129.63244,China,Asia,992414,975348,0.01749734454,1.75
Jacksonville,30.3297566,-81.6591529,United States,North America,990931,981125,0.009994649,1.0
Guigang,23.1130599,109.59764,China,Asia,990310,967428,0.02365240617,2.37
Fort Worth,32.7554883,-97.3307658,United States,North America,989842,973275,0.01702191056,1.7
Najaf,32.0316216,44.3218899,Iraq,Asia,987814,958487,0.03059718077,3.06
Bangui,4.362156,18.5827765,Central African Republic,Africa,985965,958335,0.02883125421,2.88
Rajshahi,24.3746497,88.6003665,Bangladesh,Asia,983707,961991,0.02257401577,2.26
Hengshui,37.7388599,115.67054,China,Asia,983694,955663,0.02933146936,2.93
Austin,30.267153,-97.7430608,United States,North America,983126,978786,0.004434064239,0.44
Jerusalem,31.7768831,35.2224346,Israel,Asia,983097,969804,0.01370689335,1.37
Zhangzhou,24.5134699,117.64725,China,Asia,980054,955519,0.02567714509,2.57
Xinyu,27.8177599,114.91713,China,Asia,979303,952278,0.0283793178,2.84
Linfen,36.0882199,111.51962,China,Asia,978614,951822,0.02814812013,2.81
Tianmen,30.6633899,113.16614,China,Asia,978317,953768,0.02573896377,2.57
Ciudad Guayana,8.3663119,-62.6496813,Venezuela,South America,978202,964266,0.01445244362,1.45
Zamboanga City,6.9043673,122.0761226,Philippines,Asia,977081,960349,0.01742283274,1.74
Yangjiang,21.8582899,111.98256,China,Asia,976606,956079,0.02146998313,2.15
Taiz,13.5775886,44.0177989,Yemen,Asia,974518,940600,0.03605996173,3.61
Cucuta,7.8890971,-72.4966896,Colombia,South America,972485,963045,0.009802241847,0.98
Arequipa,-16.4057001,-71.5400994,Peru,South America,971296,958998,0.01282380151,1.28
Liling,27.6461699,113.49703,China,Asia,970907,936997,0.03619008385,3.62
Antipolo,14.5846541,121.1757096,Philippines,Asia,968288,946653,0.02285420318,2.29
Veracruz,19.173773,-96.1342241,Mexico,North America,968070,955226,0.01344603267,1.34
Reynosa,26.0915309,-98.2777687,Mexico,North America,967627,951417,0.01703774475,1.7
Khulna,22.8373287,89.5400472,Bangladesh,Asia,965483,955104,0.01086687942,1.09
Deyang,31.1267899,104.3979,China,Asia,963160,939166,0.02554819915,2.55
Pathum Thani,14.0033913,100.6647101,Thailand,Asia,962126,950048,0.01271304187,1.27
Bengbu,32.9154799,117.38932,China,Asia,959784,944465,0.01621976463,1.62
Jiangyin,31.9191899,120.28432,China,Asia,959250,933395,0.02769995554,2.77
Southampton,50.9105468,-1.4049018,United Kingdom,Europe,959202,951531,0.008061744704,0.81
Villahermosa,17.989456,-92.9475061,Mexico,North America,958118,943530,0.01546108762,1.55
Baishan,41.9440999,126.41433,China,Asia,956976,927532,0.03174445733,3.17
Nice,43.7101728,7.2619532,France,Europe,951808,948149,0.003859098095,0.39
Oran,35.6987388,-0.6349319,Algeria,Africa,950768,935947,0.01583529837,1.58
West Rand,-26.3213939,27.4556388,South Africa,Africa,947734,934341,0.01433416708,1.43
Cabinda,-5.5705739,12.197583,Angola,Africa,947634,904676,0.04748440326,4.75
Umuahia,5.5243165,7.4933142,Nigeria,Africa,947460,904139,0.04791409286,4.79
Bogra,24.8525537,89.3730275,Bangladesh,Asia,944877,905814,0.04312474746,4.31
Bahawalpur,29.3885409,71.7016425,Pakistan,Asia,944812,919654,0.02735594039,2.74
Seongnam,37.3918136,127.113092,South Korea,Asia,942159,941508,0.0006914439389,0.07
Guntur,16.3066525,80.4365402,India,Asia,940205,918324,0.02382710242,2.38
Dnipro,48.464717,35.046183,Ukraine,Europe,936766,941586,-0.005119022585,-0.51
Campo Grande,-20.4648517,-54.6218477,Brazil,South America,934936,926095,0.009546536802,0.95
Malang,-7.9666204,112.6326321,Indonesia,Asia,933392,919443,0.01517114166,1.52
Londrina,-23.3197305,-51.1662008,Brazil,South America,932892,922425,0.01134726401,1.13
Dandong,39.9997999,124.35601,China,Asia,932648,917936,0.01602726116,1.6
San Jose,37.33874,-121.8852525,United States,North America,932636,951934,-0.02027241384,-2.03
Changzhi,36.1958099,113.11649,China,Asia,930620,910743,0.02182503736,2.18
Hermosillo,29.0729673,-110.9559192,Mexico,North America,929961,915060,0.01628417809,1.63
Bhiwandi,19.2812547,73.0482912,India,Asia,924670,906581,0.01995298821,2.0
La Plata,-34.9204948,-57.9535657,Argentina,South America,923715,914036,0.01058929845,1.06
Liverpool,53.4083714,-2.9915726,United Kingdom,Europe,922871,917032,0.006367280531,0.64
Ashgabat,37.9600766,58.3260629,Turkmenistan,Asia,921601,902353,0.02133089822,2.13
Concepcion,-36.8201352,-73.0443904,Chile,South America,920916,911862,0.009929134014,0.99
Charlotte,35.2270768,-80.8408933,United States,North America,920325,909022,0.01243424252,1.24
Puducherry,11.9415915,79.8083133,India,Asia,919280,897983,0.02371648461,2.37
Changde,29.0315799,111.69854,China,Asia,919026,898338,0.02302919391,2.3
Bergamo,45.6941966,9.6707462,Italy,Europe,918675,913376,0.005801553796,0.58
Firozabad,27.1591961,78.3957331,India,Asia,918218,894388,0.0266439174,2.66
Erbil,36.1877383,44.0106983,Iraq,Asia,917639,896716,0.023332917,2.33
Tyumen,57.1553394,65.5618636,Russia,Asia,916862,903815,0.01443547629,1.44
Trujillo,-8.1157846,-79.0257381,Peru,South America,916632,903896,0.01409011656,1.41
Liaoyang,41.2680899,123.2373599,China,Asia,916238,900692,0.01726006226,1.73
Shangqiu,34.4142699,115.65635,China,Asia,915823,895111,0.02313902968,2.31
Ulsan,35.5376797,129.328012,South Korea,Asia,914300,912734,0.001715724406,0.17
Tuxtla Gutierrez,16.7516009,-93.1029939,Mexico,North America,913075,897694,0.01713390086,1.71
Columbus,39.9625112,-83.0032218,United States,North America,909676,908823,0.0009385765985,0.09
Kuerle,41.7264299,86.1736899,China,Asia,906765,875496,0.03571575427,3.57
Soshanguve,-25.4525229,28.1088486,South Africa,Africa,905868,892254,0.01525798708,1.53
Xingtai,37.0705499,114.50443,China,Asia,904070,886381,0.01995642957,2.0
Culiacan,24.8090649,-107.3940117,Mexico,North America,903910,888620,0.01720645495,1.72
Quzhou,28.9359199,118.87419,China,Asia,902621,871457,0.03576080059,3.58
Cherthala,9.6741363,76.3400963,India,Asia,901820,870465,0.03602097729,3.6
Huangshi,30.1995299,115.0389,China,Asia,893107,876930,0.0184473105,1.84
Fuxin,42.0216599,121.67011,China,Asia,889767,876131,0.01556388257,1.56
Lokoja,7.8023204,6.733343,Nigeria,Africa,885882,839046,0.05582053904,5.58
Hufuf Mubarraz,25.4051051,49.5483671,Saudi Arabia,Asia,884753,872438,0.01411561624,1.41
Libreville,0.4077972,9.4402833,Gabon,Africa,883920,869773,0.01626516344,1.63
Yongzhou,26.4203399,111.61225,China,Asia,883326,860522,0.02650019407,2.65
Xinghua,32.9104099,119.85272,China,Asia,882986,861978,0.02437185172,2.44
Donetsk,48.015883,37.80285,Ukraine,Europe,882209,887716,-0.006203560598,-0.62
Yibin,28.7512999,104.6417,China,Asia,881480,864910,0.01915806269,1.92
Enugu,6.4482701,7.5138947,Nigeria,Africa,875552,846560,0.03424683425,3.42
Tainan,22.9998999,120.2268758,Taiwan,Asia,875392,869625,0.006631594078,0.66
Indianapolis (balance),39.76909,-86.158018,United States,North America,874089,877355,-0.003722552445,-0.37
Xinyang,32.1471399,114.09279,China,Asia,873268,855191,0.02113796801,2.11
Ipoh,4.6005126,101.0757837,Malaysia,Asia,872424,857225,0.0177304675,1.77
Luzhou,28.8716999,105.44257,China,Asia,870714,857683,0.01519325905,1.52
Banghazi,32.1194242,20.0867909,Libya,Africa,870502,859209,0.0131434843,1.31
Maiduguri,11.8310981,13.1509672,Nigeria,Africa,870201,844747,0.03013209872,3.01
Yangquan,37.8566799,113.58047,China,Asia,869585,851630,0.02108309947,2.11
Huaihua,27.5697399,110.0016,China,Asia,869575,843754,0.03060252159,3.06
Xiaogan,30.9248299,113.91645,China,Asia,869479,849580,0.02342216154,2.34
Tianshui,34.5808499,105.72486,China,Asia,858672,837479,0.02530570916,2.53
Bunia,1.574278,30.2397336,DR Congo,Africa,856339,812090,0.05448780308,5.45
Bozhou,33.8446099,115.77931,China,Asia,854946,830125,0.02990031622,2.99
Kottayam,9.5915668,76.5221531,India,Asia,853635,818628,0.04276301324,4.28
Zhuji,29.7136399,120.23632,China,Asia,852608,834782,0.02135407807,2.14
Kunshan,31.1823199,121.00715,China,Asia,851399,826414,0.0302330309,3.02
Quebec City,46.8130816,-71.2074596,Canada,North America,851061,844249,0.008068709587,0.81
Palermo,38.1156864,13.3614635,Italy,Europe,850233,849687,0.0006425895653,0.06
Winnipeg,49.8954221,-97.1385145,Canada,North America,849251,841108,0.009681277553,0.97
Orumiyeh,37.5498061,45.0786282,Iran,Asia,848443,835900,0.01500538342,1.5
Eskisehir,39.7667061,30.5256311,Turkey,Asia,848002,834065,0.01670972886,1.67
Benguela,-12.5905158,13.416501,Angola,Africa,843207,809468,0.04168046174,4.17
Jincheng,35.4903899,112.85113,China,Asia,841928,818057,0.02918011826,2.92
Valencia,39.4738338,-0.3756348,Spain,Europe,839770,838301,0.001752353868,0.18
Heze,35.2336299,115.48115,China,Asia,838928,826777,0.01469682877,1.47
Saratov,51.5461754,46.0154123,Russia,Asia,837687,838377,-0.0008230187612,-0.08
Nellore,14.4425987,79.986456,India,Asia,837660,816293,0.02617565016,2.62
Huludao,40.7109999,120.83699,China,Asia,836344,821132,0.01852564509,1.85
Zanzibar,-6.1357295,39.3621196,Tanzania,Africa,835850,800010,0.04479944001,4.48
Barcelona Puerto La Cruz,10.2007985,-64.6334643,Venezuela,South America,835805,825581,0.01238400593,1.24
Bikaner,28.0229348,73.3119159,India,Asia,835802,818566,0.0210563351,2.11
Haicheng,40.8814499,122.6846299,China,Asia,834639,821192,0.01637497686,1.64
Gebze,40.8025157,29.4397941,Turkey,Asia,831360,813394,0.02208769674,2.21
Taixing,32.2945171,119.9488266,China,Asia,830623,811451,0.02362681172,2.36
Liaocheng,36.4570199,115.9854899,China,Asia,830004,813369,0.02045197198,2.05
Zhumadian,33.0114199,114.02299,China,Asia,829361,804537,0.0308550135,3.09
Newcastle Upon Tyne,54.978252,-1.61778,United Kingdom,Europe,828712,823431,0.00641340926,0.64
Langfang,39.5377499,116.68376,China,Asia,827967,807833,0.02492346809,2.49
Bucheon,37.5038683,126.7874615,South Korea,Asia,826919,826981,-7.5e-05,-0.01
Sulaimaniya,35.5557603,45.4351181,Iraq,Asia,823199,800793,0.02797976506,2.8
Xalapa,19.5437751,-96.9101806,Mexico,North America,822863,811041,0.01457632845,1.46
Malanje,-9.5421853,16.3383783,Angola,Africa,822471,783243,0.05008407353,5.01
Anqiu,36.4784199,119.21784,China,Asia,821765,791931,0.03767247399,3.77
Sorocaba,-23.470905,-47.4851488,Brazil,South America,821435,813320,0.009977622584,1.0
Gaomi,36.3825699,119.75568,China,Asia,821154,797964,0.02906146142,2.91
Dasmarinas,14.3338498,120.9542344,Philippines,Asia,820886,802600,0.02278345378,2.28
Cagayan De Oro City,8.4802854,124.6497534,Philippines,Asia,820297,803194,0.02129373476,2.13
Hanchuan,30.6612199,113.83907,China,Asia,818761,795835,0.02880747894,2.88
Meishan,30.0756299,103.84851,China,Asia,818037,796756,0.02670955725,2.67
Bologna,44.494887,11.3426163,Italy,Europe,816848,814332,0.003089648939,0.31
Ar Rayyan,25.2862157,51.4204044,Qatar,Asia,815869,798382,0.02190304892,2.19
Thessaloniki,40.6400629,22.9444191,Greece,Europe,814980,814524,0.0005598361743,0.06
Muzaffarnagar,29.4726817,77.7085091,India,Asia,814491,791214,0.02941934799,2.94
Kayamkulam,9.1748422,76.5013352,India,Asia,813379,786192,0.03458061135,3.46
Nottingham,52.9540223,-1.1549892,United Kingdom,Europe,813078,806757,0.007835073015,0.78
Nakhon Ratchasima,14.9738493,102.083652,Thailand,Asia,811446,801853,0.01196353945,1.2
Danyang,32.0094499,119.60694,China,Asia,810450,789755,0.02620432919,2.62
Ibb,23.7316854,90.4142913,Yemen,Asia,810149,771514,0.05007686186,5.01
Amravati,20.9319821,77.7523039,India,Asia,808263,792620,0.01973581287,1.97
Jiaozuo,35.2156299,113.24201,China,Asia,808079,796509,0.01452588734,1.45
Vereeniging,-26.5814032,27.9365087,South Africa,Africa,802900,793927,0.01130204666,1.13
Gorakhpur,26.7605545,83.3731675,India,Asia,801634,788276,0.0169458413,1.69
Gaza,31.5016951,34.4668445,Palestine,Asia,800636,778187,0.02884782192,2.88
Frankfurt,50.1109221,8.6821267,Germany,Europe,800529,796437,0.005137882846,0.51
Anqing,30.5429399,117.06354,China,Asia,795987,779535,0.02110488945,2.11
Niigata,37.9185345,139.069444,Japan,Asia,795916,797865,-0.00244276914,-0.24
Oshogbo,7.7826709,4.5418141,Nigeria,Africa,795808,771515,0.03148739817,3.15
Linhai,28.8583999,121.14495,China,Asia,795777,776076,0.0253854004,2.54
Shaoguan,24.8103899,113.59723,China,Asia,794279,784230,0.01281384288,1.28
Erduosi Ordoss,39.81027,109.96624,China,Asia,794143,774321,0.0255992024,2.56
Merca,1.7174656,44.7686135,Somalia,Africa,793545,760129,0.04396095926,4.4
Bur Sa'id,31.2652893,32.3018661,Egypt,Africa,792925,778280,0.01881713522,1.88
Kitwe,-12.8231947,28.2175744,Zambia,Africa,792350,762981,0.03849243952,3.85
Yan'an,36.5852899,109.48978,China,Asia,791839,767188,0.03213162875,3.21
Cuttack,20.462521,85.8829895,India,Asia,789558,775559,0.01805020637,1.81
Zaria,11.1047395,7.7206606,Nigeria,Africa,786197,766007,0.02635746149,2.64
Banjarmasin,-3.3168684,114.5901835,Indonesia,Asia,785125,770959,0.01837451797,1.84
Dengzhou,32.6877699,112.08736,China,Asia,783041,759150,0.03147072384,3.15
Belgaum,15.8608974,74.5129177,India,Asia,783020,767161,0.02067232302,2.07
Malegaon,20.5579034,74.5089457,India,Asia,781925,764628,0.02262145775,2.26
Goma,-1.658501,29.2204548,DR Congo,Africa,781875,744247,0.05055848394,5.06
Zigong,29.3391999,104.77844,China,Asia,779684,768075,0.0151144094,1.51
Qingyuan,23.6820099,113.05615,China,Asia,778628,766782,0.01544898028,1.54
Yuncheng,35.0262799,111.00699,China,Asia,777193,754711,0.02978888608,2.98
Shaoyang,27.2388999,111.4677,China,Asia,776404,761169,0.02001526599,2.0
Yanji,42.8910699,129.5091,China,Asia,775672,757224,0.02436267208,2.44
Tirupati,13.6287557,79.4191795,India,Asia,775455,752744,0.03017094789,3.02
Maturin,9.7333906,-63.1914317,Venezuela,South America,775097,758185,0.02230590159,2.23
Yuxi,24.3472599,102.52744,China,Asia,774356,750102,0.03233426921,3.23
Akure,7.2571325,5.2057909,Nigeria,Africa,773141,744371,0.03865008175,3.87
Tongliao,43.6524699,122.24469,China,Asia,772756,756158,0.02195043893,2.2
Sialkot,32.4925479,74.5311505,Pakistan,Asia,770962,753325,0.02341220589,2.34
Tongling,30.9448599,117.81232,China,Asia,770032,752916,0.02273294763,2.27
Krakow,50.0646501,19.9449799,Poland,Europe,769396,769417,-2.73e-05,0.0
Ansan,37.317342,126.8209476,South Korea,Asia,768822,766703,0.002763782064,0.28
Wuzhou,23.4769099,111.27917,China,Asia,768512,751679,0.0223938676,2.24
Dazhou,31.2086399,107.46791,China,Asia,767532,748257,0.02575986593,2.58
Suining Sichuan,30.5328599,105.59273,China,Asia,765887,750097,0.02105061079,2.11
Mangalore,12.8854777,74.8388112,India,Asia,763312,749073,0.01900882825,1.9
Jiamusi,46.7997599,130.31882,China,Asia,761903,749763,0.01619178327,1.62
Al Hudaydah,14.7883517,42.9700376,Yemen,Asia,759157,734699,0.03328982345,3.33
Seattle,47.6061389,-122.3328481,United States,North America,757992,753624,0.005795993758,0.58
Sargodha,32.084949,72.6890002,Pakistan,Asia,757915,741818,0.02169939257,2.17
Nay Pyi Taw,19.7633057,96.0785104,Myanmar,Asia,757823,722836,0.04840240386,4.84
Tamale,9.4034226,-0.842416,Ghana,Africa,757506,729768,0.03800933995,3.8
Sao Jose Dos Campos,-23.2198396,-45.8915658,Brazil,South America,757137,749188,0.01061015393,1.06
Bacoor,14.4312225,120.9656671,Philippines,Asia,757035,739682,0.02346008149,2.35
Dongtai,32.8669499,120.3205,China,Asia,756344,738200,0.02457870496,2.46
Zhangjiagang,31.8754699,120.5555,China,Asia,755752,733810,0.02990147313,2.99
Nanded Waghala,19.1485289,77.3191471,India,Asia,755577,738552,0.02305186365,2.31
Xianyang Shaanxi,34.3293199,108.70929,China,Asia,754446,743491,0.01473454285,1.47
Amara,44.6147823,27.3143056,Iraq,Asia,753708,729276,0.03350171951,3.35
Zarqa,32.0608187,36.0941795,Jordan,Asia,753392,748428,0.00663256853,0.66
Bhavnagar,21.7644725,72.1519304,India,Asia,751493,737128,0.01948779588,1.95
Sheffield,53.381129,-1.470085,United Kingdom,Europe,751303,745876,0.007276008345,0.73
Huambo,-12.7739761,15.7468535,Angola,Africa,751297,727641,0.03251053748,3.25
Ribeirao Preto,-21.1694018,-47.8110855,Brazil,South America,750174,742115,0.01085950291,1.09
Panzhihua,26.5822799,101.71872,China,Asia,750036,738495,0.01562772937,1.56
